Sample_file	Genome_file	Taxonomic_abundance	Sequence_abundance	Adjusted_ANI	Eff_cov	ANI_5-95_percentile	Eff_lambda	Lambda_5-95_percentile	Median_cov	Mean_cov_geq1	Containment_ind	Naive_ANI	kmers_reassigned	Contig_name
ERR2014814_trimmed_1.fastq.gz	WalshAM_2017__ERS1739834__bin.1.fa	77.7507	62.6247	99.98	55.000	NA-NA	HIGH	NA-NA	55	50.566	7449/7489	99.98	0	ERS1739834_k141_1514
ERR2014814_trimmed_1.fastq.gz	MAG_19.fa	11.2611	27.9466	99.52	7.966	NA-NA	HIGH	NA-NA	8	7.966	19700/22889	99.52	0	MAG_19_0
ERR2014814_trimmed_1.fastq.gz	WalshAM_2017__ERR1981175__bin.3.fa	8.3872	6.5663	99.89	5.933	NA-NA	HIGH	NA-NA	6	5.933	6761/6990	99.89	184	WalshAM_2017__ERR1981175__bin.3_NODE_35_length_33096_cov_9.360098
ERR2014814_trimmed_1.fastq.gz	GCF_004771075.1_ASM477107v1_genomic.fa	1.5023	1.5761	98.39	1.063	98.25-98.53	1.063	0.99-1.13	1	1.638	3669/9278	97.05	0	GCF_004771075.1_ASM477107v1_genomic_NZ_CP027563.1 Weissella confusa strain VTT E-133279 chromosome, complete genome
ERR2014814_trimmed_1.fastq.gz	YouL_2022__SRR13308520__bin.4.fa	0.4444	0.4055	98.23	0.314	97.75-98.58	0.314	0.27-0.36	1	1.154	1292/8244	94.20	0	NODE_37_length_133389_cov_15.7682_ID_27250
ERR2014814_trimmed_1.fastq.gz	ODFM-BA-A-0139-001_Enterococcus_lactis_CICC_24101.fa	0.2389	0.3242	97.79	0.169	97.13-98.26	0.169	0.14-0.20	1	1.090	966/12230	92.14	6	ODFM-BA-A-0139-001_Enterococcus_lactis_CICC_24101_NZ_WOTS01000010.1 Enterococcus lactis strain CICC 24101 NODE_10_length_82300_cov_4.602353, whole genome shotgun sequence
ERR2014814_trimmed_1.fastq.gz	LeechJ_2020__ERS3967688__bin.2.fa	0.1529	0.3209	99.29	0.108	98.74-99.93	0.108	0.09-0.13	1	1.117	1575/19017	92.28	214	ERS3967688_k141_1437
ERR2014814_trimmed_1.fastq.gz	MASTER_WP4_TEAGASC_1__TGS12-29__bin.6.fa	0.1488	0.1691	95.66	0.105	94.20-97.01	0.105	0.07-0.17	1	1.065	262/10372	88.81	365	TGS12-29_k141_701
ERR2014814_trimmed_1.fastq.gz	MAG_191.fa	0.1139	0.0665	96.87	0.081	94.94-98.65	0.081	0.04-0.15	1	1.039	155/5371	89.19	4	MAG_191_0
